"","l.x","l.y","l.sd","l.lower","l.upper"
"1",1000,26.9508654677179,7.28567217930504,12.67094799628,41.2307829391557
"2",1000,26.9508654677179,7.28567217930504,12.67094799628,41.2307829391557
"3",1000,26.9508654677179,7.28567217930504,12.67094799628,41.2307829391557
"4",1000,26.9508654677179,7.28567217930504,12.67094799628,41.2307829391557
"5",1000,26.9508654677179,7.28567217930504,12.67094799628,41.2307829391557
"6",1000,26.9508654677179,7.28567217930504,12.67094799628,41.2307829391557
"7",1000,26.9508654677179,7.28567217930504,12.67094799628,41.2307829391557
"8",1000,26.9508654677179,7.28567217930504,12.67094799628,41.2307829391557
"9",1000,26.9508654677179,7.28567217930504,12.67094799628,41.2307829391557
"10",2000,27.099911092994,7.12614182102995,13.1326731237753,41.0671490622127
"11",2000,27.099911092994,7.12614182102995,13.1326731237753,41.0671490622127
"12",2000,27.099911092994,7.12614182102995,13.1326731237753,41.0671490622127
"13",2000,27.099911092994,7.12614182102995,13.1326731237753,41.0671490622127
"14",2000,27.099911092994,7.12614182102995,13.1326731237753,41.0671490622127
"15",2000,27.099911092994,7.12614182102995,13.1326731237753,41.0671490622127
"16",2000,27.099911092994,7.12614182102995,13.1326731237753,41.0671490622127
"17",2000,27.099911092994,7.12614182102995,13.1326731237753,41.0671490622127
"18",2000,27.099911092994,7.12614182102995,13.1326731237753,41.0671490622127
"19",3000,27.2452418773122,6.96744288933971,13.5890538142063,40.901429940418
"20",3000,27.2452418773122,6.96744288933971,13.5890538142063,40.901429940418
"21",3000,27.2452418773122,6.96744288933971,13.5890538142063,40.901429940418
"22",3000,27.2452418773122,6.96744288933971,13.5890538142063,40.901429940418
"23",3000,27.2452418773122,6.96744288933971,13.5890538142063,40.901429940418
"24",3000,27.2452418773122,6.96744288933971,13.5890538142063,40.901429940418
"25",3000,27.2452418773122,6.96744288933971,13.5890538142063,40.901429940418
"26",3000,27.2452418773122,6.96744288933971,13.5890538142063,40.901429940418
"27",3000,27.2452418773122,6.96744288933971,13.5890538142063,40.901429940418
"28",4000,27.386820575055,6.80978076461267,14.0396502764142,40.7339908736959
"29",4000,27.386820575055,6.80978076461267,14.0396502764142,40.7339908736959
"30",4000,27.386820575055,6.80978076461267,14.0396502764142,40.7339908736959
"31",4000,27.386820575055,6.80978076461267,14.0396502764142,40.7339908736959
"32",4000,27.386820575055,6.80978076461267,14.0396502764142,40.7339908736959
"33",4000,27.386820575055,6.80978076461267,14.0396502764142,40.7339908736959
"34",4000,27.386820575055,6.80978076461267,14.0396502764142,40.7339908736959
"35",4000,27.386820575055,6.80978076461267,14.0396502764142,40.7339908736959
"36",4000,27.386820575055,6.80978076461267,14.0396502764142,40.7339908736959
"37",5000,27.5246099406054,6.65337986744486,14.4839854004135,40.5652344807973
"38",5000,27.5246099406054,6.65337986744486,14.4839854004135,40.5652344807973
"39",5000,27.5246099406054,6.65337986744486,14.4839854004135,40.5652344807973
"40",5000,27.5246099406054,6.65337986744486,14.4839854004135,40.5652344807973
"41",5000,27.5246099406054,6.65337986744486,14.4839854004135,40.5652344807973
"42",5000,27.5246099406054,6.65337986744486,14.4839854004135,40.5652344807973
"43",5000,27.5246099406054,6.65337986744486,14.4839854004135,40.5652344807973
"44",5000,27.5246099406054,6.65337986744486,14.4839854004135,40.5652344807973
"45",5000,27.5246099406054,6.65337986744486,14.4839854004135,40.5652344807973
"46",6000,27.6585727283461,6.49848556826591,14.9215410145449,40.3956044421472
"47",6000,27.6585727283461,6.49848556826591,14.9215410145449,40.3956044421472
"48",6000,27.6585727283461,6.49848556826591,14.9215410145449,40.3956044421472
"49",6000,27.6585727283461,6.49848556826591,14.9215410145449,40.3956044421472
"50",6000,27.6585727283461,6.49848556826591,14.9215410145449,40.3956044421472
"51",6000,27.6585727283461,6.49848556826591,14.9215410145449,40.3956044421472
"52",6000,27.6585727283461,6.49848556826591,14.9215410145449,40.3956044421472
"53",6000,27.6585727283461,6.49848556826591,14.9215410145449,40.3956044421472
"54",6000,27.6585727283461,6.49848556826591,14.9215410145449,40.3956044421472
"55",7000,27.7886716926598,6.34536623000294,15.351753881854,40.2255895034655
"56",7000,27.7886716926598,6.34536623000294,15.351753881854,40.2255895034655
"57",7000,27.7886716926598,6.34536623000294,15.351753881854,40.2255895034655
"58",7000,27.7886716926598,6.34536623000294,15.351753881854,40.2255895034655
"59",7000,27.7886716926598,6.34536623000294,15.351753881854,40.2255895034655
"60",7000,27.7886716926598,6.34536623000294,15.351753881854,40.2255895034655
"61",7000,27.7886716926598,6.34536623000294,15.351753881854,40.2255895034655
"62",7000,27.7886716926598,6.34536623000294,15.351753881854,40.2255895034655
"63",7000,27.7886716926598,6.34536623000294,15.351753881854,40.2255895034655
"64",8000,27.9148695879292,6.19431536698601,15.7740114686366,40.0557277072218
"65",8000,27.9148695879292,6.19431536698601,15.7740114686366,40.0557277072218
"66",8000,27.9148695879292,6.19431536698601,15.7740114686366,40.0557277072218
"67",8000,27.9148695879292,6.19431536698601,15.7740114686366,40.0557277072218
"68",8000,27.9148695879292,6.19431536698601,15.7740114686366,40.0557277072218
"69",8000,27.9148695879292,6.19431536698601,15.7740114686366,40.0557277072218
"70",8000,27.9148695879292,6.19431536698601,15.7740114686366,40.0557277072218
"71",8000,27.9148695879292,6.19431536698601,15.7740114686366,40.0557277072218
"72",8000,27.9148695879292,6.19431536698601,15.7740114686366,40.0557277072218
"73",9000,28.0371291685373,6.0456538909258,16.1876475423227,39.8866107947519
"74",9000,28.0371291685373,6.0456538909258,16.1876475423227,39.8866107947519
"75",9000,28.0371291685373,6.0456538909258,16.1876475423227,39.8866107947519
"76",9000,28.0371291685373,6.0456538909258,16.1876475423227,39.8866107947519
"77",9000,28.0371291685373,6.0456538909258,16.1876475423227,39.8866107947519
"78",9000,28.0371291685373,6.0456538909258,16.1876475423227,39.8866107947519
"79",9000,28.0371291685373,6.0456538909258,16.1876475423227,39.8866107947519
"80",9000,28.0371291685373,6.0456538909258,16.1876475423227,39.8866107947519
"81",9000,28.0371291685373,6.0456538909258,16.1876475423227,39.8866107947519
"82",10000,28.1554131888667,5.89973239832769,16.5919376881444,39.7188886895889
"83",10000,28.1554131888667,5.89973239832769,16.5919376881444,39.7188886895889
"84",10000,28.1554131888667,5.89973239832769,16.5919376881444,39.7188886895889
"85",10000,28.1554131888667,5.89973239832769,16.5919376881444,39.7188886895889
"86",10000,28.1554131888667,5.89973239832769,16.5919376881444,39.7188886895889
"87",10000,28.1554131888667,5.89973239832769,16.5919376881444,39.7188886895889
"88",10000,28.1554131888667,5.89973239832769,16.5919376881444,39.7188886895889
"89",10000,28.1554131888667,5.89973239832769,16.5919376881444,39.7188886895889
"90",10000,28.1554131888667,5.89973239832769,16.5919376881444,39.7188886895889
"91",11000,28.2696844033001,5.75693343232024,16.9860948759525,39.5532739306478
"92",11000,28.2696844033001,5.75693343232024,16.9860948759525,39.5532739306478
"93",11000,28.2696844033001,5.75693343232024,16.9860948759525,39.5532739306478
"94",11000,28.2696844033001,5.75693343232024,16.9860948759525,39.5532739306478
"95",11000,28.2696844033001,5.75693343232024,16.9860948759525,39.5532739306478
"96",11000,28.2696844033001,5.75693343232024,16.9860948759525,39.5532739306478
"97",11000,28.2696844033001,5.75693343232024,16.9860948759525,39.5532739306478
"98",11000,28.2696844033001,5.75693343232024,16.9860948759525,39.5532739306478
"99",11000,28.2696844033001,5.75693343232024,16.9860948759525,39.5532739306478
"100",12000,28.3799055662205,5.61767362483684,17.3692652615403,39.3905458709007
"101",12000,28.3799055662205,5.61767362483684,17.3692652615403,39.3905458709007
"102",12000,28.3799055662205,5.61767362483684,17.3692652615403,39.3905458709007
"103",12000,28.3799055662205,5.61767362483684,17.3692652615403,39.3905458709007
"104",12000,28.3799055662205,5.61767362483684,17.3692652615403,39.3905458709007
"105",12000,28.3799055662205,5.61767362483684,17.3692652615403,39.3905458709007
"106",12000,28.3799055662205,5.61767362483684,17.3692652615403,39.3905458709007
"107",12000,28.3799055662205,5.61767362483684,17.3692652615403,39.3905458709007
"108",12000,28.3799055662205,5.61767362483684,17.3692652615403,39.3905458709007
"109",13000,28.4860394320105,5.48240559192719,17.7405244718332,39.2315543921878
"110",13000,28.4860394320105,5.48240559192719,17.7405244718332,39.2315543921878
"111",13000,28.4860394320105,5.48240559192719,17.7405244718332,39.2315543921878
"112",13000,28.4860394320105,5.48240559192719,17.7405244718332,39.2315543921878
"113",13000,28.4860394320105,5.48240559192719,17.7405244718332,39.2315543921878
"114",13000,28.4860394320105,5.48240559192719,17.7405244718332,39.2315543921878
"115",13000,28.4860394320105,5.48240559192719,17.7405244718332,39.2315543921878
"116",13000,28.4860394320105,5.48240559192719,17.7405244718332,39.2315543921878
"117",13000,28.4860394320105,5.48240559192719,17.7405244718332,39.2315543921878
"118",14000,28.5878762940434,5.35196080039299,18.0980331252732,39.0777194628137
"119",14000,28.5878762940434,5.35196080039299,18.0980331252732,39.0777194628137
"120",14000,28.5878762940434,5.35196080039299,18.0980331252732,39.0777194628137
"121",14000,28.5878762940434,5.35196080039299,18.0980331252732,39.0777194628137
"122",14000,28.5878762940434,5.35196080039299,18.0980331252732,39.0777194628137
"123",14000,28.5878762940434,5.35196080039299,18.0980331252732,39.0777194628137
"124",14000,28.5878762940434,5.35196080039299,18.0980331252732,39.0777194628137
"125",14000,28.5878762940434,5.35196080039299,18.0980331252732,39.0777194628137
"126",14000,28.5878762940434,5.35196080039299,18.0980331252732,39.0777194628137
"127",15000,28.685302246319,5.22678132553976,18.4408108482611,38.9297936443769
"128",15000,28.685302246319,5.22678132553976,18.4408108482611,38.9297936443769
"129",15000,28.685302246319,5.22678132553976,18.4408108482611,38.9297936443769
"130",15000,28.685302246319,5.22678132553976,18.4408108482611,38.9297936443769
"131",15000,28.685302246319,5.22678132553976,18.4408108482611,38.9297936443769
"132",15000,28.685302246319,5.22678132553976,18.4408108482611,38.9297936443769
"133",15000,28.685302246319,5.22678132553976,18.4408108482611,38.9297936443769
"134",15000,28.685302246319,5.22678132553976,18.4408108482611,38.9297936443769
"135",15000,28.685302246319,5.22678132553976,18.4408108482611,38.9297936443769
"136",16000,28.7784237441592,5.10674379919201,18.7692058977429,38.7876415905756
"137",16000,28.7784237441592,5.10674379919201,18.7692058977429,38.7876415905756
"138",16000,28.7784237441592,5.10674379919201,18.7692058977429,38.7876415905756
"139",16000,28.7784237441592,5.10674379919201,18.7692058977429,38.7876415905756
"140",16000,28.7784237441592,5.10674379919201,18.7692058977429,38.7876415905756
"141",16000,28.7784237441592,5.10674379919201,18.7692058977429,38.7876415905756
"142",16000,28.7784237441592,5.10674379919201,18.7692058977429,38.7876415905756
"143",16000,28.7784237441592,5.10674379919201,18.7692058977429,38.7876415905756
"144",16000,28.7784237441592,5.10674379919201,18.7692058977429,38.7876415905756
"145",17000,28.8673472428863,4.99169683911744,19.0836214382161,38.6510730475565
"146",17000,28.8673472428863,4.99169683911744,19.0836214382161,38.6510730475565
"147",17000,28.8673472428863,4.99169683911744,19.0836214382161,38.6510730475565
"148",17000,28.8673472428863,4.99169683911744,19.0836214382161,38.6510730475565
"149",17000,28.8673472428863,4.99169683911744,19.0836214382161,38.6510730475565
"150",17000,28.8673472428863,4.99169683911744,19.0836214382161,38.6510730475565
"151",17000,28.8673472428863,4.99169683911744,19.0836214382161,38.6510730475565
"152",17000,28.8673472428863,4.99169683911744,19.0836214382161,38.6510730475565
"153",17000,28.8673472428863,4.99169683911744,19.0836214382161,38.6510730475565
"154",18000,28.9521791978222,4.88145917141643,19.384519221846,38.5198391737984
"155",18000,28.9521791978222,4.88145917141643,19.384519221846,38.5198391737984
"156",18000,28.9521791978222,4.88145917141643,19.384519221846,38.5198391737984
"157",18000,28.9521791978222,4.88145917141643,19.384519221846,38.5198391737984
"158",18000,28.9521791978222,4.88145917141643,19.384519221846,38.5198391737984
"159",18000,28.9521791978222,4.88145917141643,19.384519221846,38.5198391737984
"160",18000,28.9521791978222,4.88145917141643,19.384519221846,38.5198391737984
"161",18000,28.9521791978222,4.88145917141643,19.384519221846,38.5198391737984
"162",18000,28.9521791978222,4.88145917141643,19.384519221846,38.5198391737984
"163",19000,29.0330260642892,4.7758178843236,19.6724230110149,38.3936291175634
"164",19000,29.0330260642892,4.7758178843236,19.6724230110149,38.3936291175634
"165",19000,29.0330260642892,4.7758178843236,19.6724230110149,38.3936291175634
"166",19000,29.0330260642892,4.7758178843236,19.6724230110149,38.3936291175634
"167",19000,29.0330260642892,4.7758178843236,19.6724230110149,38.3936291175634
"168",19000,29.0330260642892,4.7758178843236,19.6724230110149,38.3936291175634
"169",19000,29.0330260642892,4.7758178843236,19.6724230110149,38.3936291175634
"170",19000,29.0330260642892,4.7758178843236,19.6724230110149,38.3936291175634
"171",19000,29.0330260642892,4.7758178843236,19.6724230110149,38.3936291175634
"172",20000,29.1099942976093,4.67452683249342,19.9479217059222,38.2720668892964
"173",20000,29.1099942976093,4.67452683249342,19.9479217059222,38.2720668892964
"174",20000,29.1099942976093,4.67452683249342,19.9479217059222,38.2720668892964
"175",20000,29.1099942976093,4.67452683249342,19.9479217059222,38.2720668892964
"176",20000,29.1099942976093,4.67452683249342,19.9479217059222,38.2720668892964
"177",20000,29.1099942976093,4.67452683249342,19.9479217059222,38.2720668892964
"178",20000,29.1099942976093,4.67452683249342,19.9479217059222,38.2720668892964
"179",20000,29.1099942976093,4.67452683249342,19.9479217059222,38.2720668892964
"180",20000,29.1099942976093,4.67452683249342,19.9479217059222,38.2720668892964
"181",21000,29.1831903531046,4.57730519854428,20.2116721639578,38.1547085422513
"182",21000,29.1831903531046,4.57730519854428,20.2116721639578,38.1547085422513
"183",21000,29.1831903531046,4.57730519854428,20.2116721639578,38.1547085422513
"184",21000,29.1831903531046,4.57730519854428,20.2116721639578,38.1547085422513
"185",21000,29.1831903531046,4.57730519854428,20.2116721639578,38.1547085422513
"186",21000,29.1831903531046,4.57730519854428,20.2116721639578,38.1547085422513
"187",21000,29.1831903531046,4.57730519854428,20.2116721639578,38.1547085422513
"188",21000,29.1831903531046,4.57730519854428,20.2116721639578,38.1547085422513
"189",21000,29.1831903531046,4.57730519854428,20.2116721639578,38.1547085422513
"190",22000,29.2527206860972,4.48383620251354,20.4644017291706,38.0410396430237
"191",22000,29.2527206860972,4.48383620251354,20.4644017291706,38.0410396430237
"192",22000,29.2527206860972,4.48383620251354,20.4644017291706,38.0410396430237
"193",22000,29.2527206860972,4.48383620251354,20.4644017291706,38.0410396430237
"194",22000,29.2527206860972,4.48383620251354,20.4644017291706,38.0410396430237
"195",22000,29.2527206860972,4.48383620251354,20.4644017291706,38.0410396430237
"196",22000,29.2527206860972,4.48383620251354,20.4644017291706,38.0410396430237
"197",22000,29.2527206860972,4.48383620251354,20.4644017291706,38.0410396430237
"198",22000,29.2527206860972,4.48383620251354,20.4644017291706,38.0410396430237
"199",23000,29.3186917519092,4.39376592989887,20.7069105293075,37.930472974511
"200",23000,29.3186917519092,4.39376592989887,20.7069105293075,37.930472974511
"201",23000,29.3186917519092,4.39376592989887,20.7069105293075,37.930472974511
"202",23000,29.3186917519092,4.39376592989887,20.7069105293075,37.930472974511
"203",23000,29.3186917519092,4.39376592989887,20.7069105293075,37.930472974511
"204",23000,29.3186917519092,4.39376592989887,20.7069105293075,37.930472974511
"205",23000,29.3186917519092,4.39376592989887,20.7069105293075,37.930472974511
"206",23000,29.3186917519092,4.39376592989887,20.7069105293075,37.930472974511
"207",23000,29.3186917519092,4.39376592989887,20.7069105293075,37.930472974511
"208",24000,29.3812100058628,4.30670222512713,20.9400736446137,37.822346367112
"209",24000,29.3812100058628,4.30670222512713,20.9400736446137,37.822346367112
"210",24000,29.3812100058628,4.30670222512713,20.9400736446137,37.822346367112
"211",24000,29.3812100058628,4.30670222512713,20.9400736446137,37.822346367112
"212",24000,29.3812100058628,4.30670222512713,20.9400736446137,37.822346367112
"213",24000,29.3812100058628,4.30670222512713,20.9400736446137,37.822346367112
"214",24000,29.3812100058628,4.30670222512713,20.9400736446137,37.822346367112
"215",24000,29.3812100058628,4.30670222512713,20.9400736446137,37.822346367112
"216",24000,29.3812100058628,4.30670222512713,20.9400736446137,37.822346367112
"217",25000,29.4403819032801,4.22221356950155,21.1648433070571,37.7159204995031
"218",25000,29.4403819032801,4.22221356950155,21.1648433070571,37.7159204995031
"219",25000,29.4403819032801,4.22221356950155,21.1648433070571,37.7159204995031
"220",25000,29.4403819032801,4.22221356950155,21.1648433070571,37.7159204995031
"221",25000,29.4403819032801,4.22221356950155,21.1648433070571,37.7159204995031
"222",25000,29.4403819032801,4.22221356950155,21.1648433070571,37.7159204995031
"223",25000,29.4403819032801,4.22221356950155,21.1648433070571,37.7159204995031
"224",25000,29.4403819032801,4.22221356950155,21.1648433070571,37.7159204995031
"225",25000,29.4403819032801,4.22221356950155,21.1648433070571,37.7159204995031
"226",26000,29.4954365755331,4.14881829167328,21.3637527238535,37.6271204272127
"227",26000,29.4954365755331,4.14881829167328,21.3637527238535,37.6271204272127
"228",26000,29.4954365755331,4.14881829167328,21.3637527238535,37.6271204272127
"229",26000,29.4954365755331,4.14881829167328,21.3637527238535,37.6271204272127
"230",26000,29.4954365755331,4.14881829167328,21.3637527238535,37.6271204272127
"231",26000,29.4954365755331,4.14881829167328,21.3637527238535,37.6271204272127
"232",26000,29.4954365755331,4.14881829167328,21.3637527238535,37.6271204272127
"233",26000,29.4954365755331,4.14881829167328,21.3637527238535,37.6271204272127
"234",26000,29.4954365755331,4.14881829167328,21.3637527238535,37.6271204272127
"235",27000,29.5457132992826,4.09432606778602,21.520834206422,37.5705923921432
"236",27000,29.5457132992826,4.09432606778602,21.520834206422,37.5705923921432
"237",27000,29.5457132992826,4.09432606778602,21.520834206422,37.5705923921432
"238",27000,29.5457132992826,4.09432606778602,21.520834206422,37.5705923921432
"239",27000,29.5457132992826,4.09432606778602,21.520834206422,37.5705923921432
"240",27000,29.5457132992826,4.09432606778602,21.520834206422,37.5705923921432
"241",27000,29.5457132992826,4.09432606778602,21.520834206422,37.5705923921432
"242",27000,29.5457132992826,4.09432606778602,21.520834206422,37.5705923921432
"243",27000,29.5457132992826,4.09432606778602,21.520834206422,37.5705923921432
"244",28000,29.5914837477837,4.05695225799084,21.6398573221217,37.5431101734458
"245",28000,29.5914837477837,4.05695225799084,21.6398573221217,37.5431101734458
"246",28000,29.5914837477837,4.05695225799084,21.6398573221217,37.5431101734458
"247",28000,29.5914837477837,4.05695225799084,21.6398573221217,37.5431101734458
"248",28000,29.5914837477837,4.05695225799084,21.6398573221217,37.5431101734458
"249",28000,29.5914837477837,4.05695225799084,21.6398573221217,37.5431101734458
"250",28000,29.5914837477837,4.05695225799084,21.6398573221217,37.5431101734458
"251",28000,29.5914837477837,4.05695225799084,21.6398573221217,37.5431101734458
"252",28000,29.5914837477837,4.05695225799084,21.6398573221217,37.5431101734458
"253",29000,29.6330195942915,4.03461227891402,21.72517952762,37.540859660963
"254",29000,29.6330195942915,4.03461227891402,21.72517952762,37.540859660963
"255",29000,29.6330195942915,4.03461227891402,21.72517952762,37.540859660963
"256",29000,29.6330195942915,4.03461227891402,21.72517952762,37.540859660963
"257",29000,29.6330195942915,4.03461227891402,21.72517952762,37.540859660963
"258",29000,29.6330195942915,4.03461227891402,21.72517952762,37.540859660963
"259",29000,29.6330195942915,4.03461227891402,21.72517952762,37.540859660963
"260",29000,29.6330195942915,4.03461227891402,21.72517952762,37.540859660963
"261",29000,29.6330195942915,4.03461227891402,21.72517952762,37.540859660963
"262",30000,29.6705925120611,4.02499016185612,21.7816117948231,37.5595732292991
"263",30000,29.6705925120611,4.02499016185612,21.7816117948231,37.5595732292991
"264",30000,29.6705925120611,4.02499016185612,21.7816117948231,37.5595732292991
"265",30000,29.6705925120611,4.02499016185612,21.7816117948231,37.5595732292991
"266",30000,29.6705925120611,4.02499016185612,21.7816117948231,37.5595732292991
"267",30000,29.6705925120611,4.02499016185612,21.7816117948231,37.5595732292991
"268",30000,29.6705925120611,4.02499016185612,21.7816117948231,37.5595732292991
"269",30000,29.6705925120611,4.02499016185612,21.7816117948231,37.5595732292991
"270",30000,29.6705925120611,4.02499016185612,21.7816117948231,37.5595732292991
"271",31000,29.7044741743476,4.02561129647257,21.8142760332613,37.5946723154338
"272",31000,29.7044741743476,4.02561129647257,21.8142760332613,37.5946723154338
"273",31000,29.7044741743476,4.02561129647257,21.8142760332613,37.5946723154338
"274",31000,29.7044741743476,4.02561129647257,21.8142760332613,37.5946723154338
"275",31000,29.7044741743476,4.02561129647257,21.8142760332613,37.5946723154338
"276",31000,29.7044741743476,4.02561129647257,21.8142760332613,37.5946723154338
"277",31000,29.7044741743476,4.02561129647257,21.8142760332613,37.5946723154338
"278",31000,29.7044741743476,4.02561129647257,21.8142760332613,37.5946723154338
"279",31000,29.7044741743476,4.02561129647257,21.8142760332613,37.5946723154338
"280",32000,29.734936254406,4.03391048040942,21.8284717128035,37.6414007960084
"281",32000,29.734936254406,4.03391048040942,21.8284717128035,37.6414007960084
"282",32000,29.734936254406,4.03391048040942,21.8284717128035,37.6414007960084
"283",32000,29.734936254406,4.03391048040942,21.8284717128035,37.6414007960084
"284",32000,29.734936254406,4.03391048040942,21.8284717128035,37.6414007960084
"285",32000,29.734936254406,4.03391048040942,21.8284717128035,37.6414007960084
"286",32000,29.734936254406,4.03391048040942,21.8284717128035,37.6414007960084
"287",32000,29.734936254406,4.03391048040942,21.8284717128035,37.6414007960084
"288",32000,29.734936254406,4.03391048040942,21.8284717128035,37.6414007960084
"289",33000,29.7622504254915,4.04728849541183,21.8295649744843,37.6949358764987
"290",33000,29.7622504254915,4.04728849541183,21.8295649744843,37.6949358764987
"291",33000,29.7622504254915,4.04728849541183,21.8295649744843,37.6949358764987
"292",33000,29.7622504254915,4.04728849541183,21.8295649744843,37.6949358764987
"293",33000,29.7622504254915,4.04728849541183,21.8295649744843,37.6949358764987
"294",33000,29.7622504254915,4.04728849541183,21.8295649744843,37.6949358764987
"295",33000,29.7622504254915,4.04728849541183,21.8295649744843,37.6949358764987
"296",33000,29.7622504254915,4.04728849541183,21.8295649744843,37.6949358764987
"297",33000,29.7622504254915,4.04728849541183,21.8295649744843,37.6949358764987
"298",34000,29.7866883608591,4.06315314930926,21.822908188213,37.7504685335053
"299",34000,29.7866883608591,4.06315314930926,21.822908188213,37.7504685335053
"300",34000,29.7866883608591,4.06315314930926,21.822908188213,37.7504685335053
"301",34000,29.7866883608591,4.06315314930926,21.822908188213,37.7504685335053
"302",34000,29.7866883608591,4.06315314930926,21.822908188213,37.7504685335053
"303",34000,29.7866883608591,4.06315314930926,21.822908188213,37.7504685335053
"304",34000,29.7866883608591,4.06315314930926,21.822908188213,37.7504685335053
"305",34000,29.7866883608591,4.06315314930926,21.822908188213,37.7504685335053
"306",34000,29.7866883608591,4.06315314930926,21.822908188213,37.7504685335053
"307",35000,29.808521733764,4.07894322269255,21.8137930172866,37.8032504502414
"308",35000,29.808521733764,4.07894322269255,21.8137930172866,37.8032504502414
"309",35000,29.808521733764,4.07894322269255,21.8137930172866,37.8032504502414
"310",35000,29.808521733764,4.07894322269255,21.8137930172866,37.8032504502414
"311",35000,29.808521733764,4.07894322269255,21.8137930172866,37.8032504502414
"312",35000,29.808521733764,4.07894322269255,21.8137930172866,37.8032504502414
"313",35000,29.808521733764,4.07894322269255,21.8137930172866,37.8032504502414
"314",35000,29.808521733764,4.07894322269255,21.8137930172866,37.8032504502414
"315",35000,29.808521733764,4.07894322269255,21.8137930172866,37.8032504502414
"316",36000,29.8280222174613,4.09213551385611,21.8074366103033,37.8486078246193
"317",36000,29.8280222174613,4.09213551385611,21.8074366103033,37.8486078246193
"318",36000,29.8280222174613,4.09213551385611,21.8074366103033,37.8486078246193
"319",36000,29.8280222174613,4.09213551385611,21.8074366103033,37.8486078246193
"320",36000,29.8280222174613,4.09213551385611,21.8074366103033,37.8486078246193
"321",36000,29.8280222174613,4.09213551385611,21.8074366103033,37.8486078246193
"322",36000,29.8280222174613,4.09213551385611,21.8074366103033,37.8486078246193
"323",36000,29.8280222174613,4.09213551385611,21.8074366103033,37.8486078246193
"324",36000,29.8280222174613,4.09213551385611,21.8074366103033,37.8486078246193
"325",37000,29.845461485206,4.10023600116222,21.808998922928,37.8819240474839
"326",37000,29.845461485206,4.10023600116222,21.808998922928,37.8819240474839
"327",37000,29.845461485206,4.10023600116222,21.808998922928,37.8819240474839
"328",37000,29.845461485206,4.10023600116222,21.808998922928,37.8819240474839
"329",37000,29.845461485206,4.10023600116222,21.808998922928,37.8819240474839
"330",37000,29.845461485206,4.10023600116222,21.808998922928,37.8819240474839
"331",37000,29.845461485206,4.10023600116222,21.808998922928,37.8819240474839
"332",37000,29.845461485206,4.10023600116222,21.808998922928,37.8819240474839
"333",37000,29.845461485206,4.10023600116222,21.808998922928,37.8819240474839
"334",38000,29.8611112102532,4.10075607899184,21.8236292954292,37.8985931250772
"335",38000,29.8611112102532,4.10075607899184,21.8236292954292,37.8985931250772
"336",38000,29.8611112102532,4.10075607899184,21.8236292954292,37.8985931250772
"337",38000,29.8611112102532,4.10075607899184,21.8236292954292,37.8985931250772
"338",38000,29.8611112102532,4.10075607899184,21.8236292954292,37.8985931250772
"339",38000,29.8611112102532,4.10075607899184,21.8236292954292,37.8985931250772
"340",38000,29.8611112102532,4.10075607899184,21.8236292954292,37.8985931250772
"341",38000,29.8611112102532,4.10075607899184,21.8236292954292,37.8985931250772
"342",38000,29.8611112102532,4.10075607899184,21.8236292954292,37.8985931250772
"343",39000,29.8708986526996,4.10166739619043,21.8316305561664,37.9101667492329
"344",39000,29.8708986526996,4.10166739619043,21.8316305561664,37.9101667492329
"345",39000,29.8708986526996,4.10166739619043,21.8316305561664,37.9101667492329
"346",39000,29.8708986526996,4.10166739619043,21.8316305561664,37.9101667492329
"347",39000,29.8708986526996,4.10166739619043,21.8316305561664,37.9101667492329
"348",39000,29.8708986526996,4.10166739619043,21.8316305561664,37.9101667492329
"349",39000,29.8708986526996,4.10166739619043,21.8316305561664,37.9101667492329
"350",39000,29.8708986526996,4.10166739619043,21.8316305561664,37.9101667492329
"351",39000,29.8708986526996,4.10166739619043,21.8316305561664,37.9101667492329
"352",40000,29.8715564449011,4.1113934179296,21.8132253457591,37.9298875440431
"353",40000,29.8715564449011,4.1113934179296,21.8132253457591,37.9298875440431
"354",40000,29.8715564449011,4.1113934179296,21.8132253457591,37.9298875440431
"355",40000,29.8715564449011,4.1113934179296,21.8132253457591,37.9298875440431
"356",40000,29.8715564449011,4.1113934179296,21.8132253457591,37.9298875440431
"357",40000,29.8715564449011,4.1113934179296,21.8132253457591,37.9298875440431
"358",40000,29.8715564449011,4.1113934179296,21.8132253457591,37.9298875440431
"359",40000,29.8715564449011,4.1113934179296,21.8132253457591,37.9298875440431
"360",40000,29.8715564449011,4.1113934179296,21.8132253457591,37.9298875440431
"361",41000,29.8645643185016,4.12807589621939,21.7735355619116,37.9555930750916
"362",41000,29.8645643185016,4.12807589621939,21.7735355619116,37.9555930750916
"363",41000,29.8645643185016,4.12807589621939,21.7735355619116,37.9555930750916
"364",41000,29.8645643185016,4.12807589621939,21.7735355619116,37.9555930750916
"365",41000,29.8645643185016,4.12807589621939,21.7735355619116,37.9555930750916
"366",41000,29.8645643185016,4.12807589621939,21.7735355619116,37.9555930750916
"367",41000,29.8645643185016,4.12807589621939,21.7735355619116,37.9555930750916
"368",41000,29.8645643185016,4.12807589621939,21.7735355619116,37.9555930750916
"369",41000,29.8645643185016,4.12807589621939,21.7735355619116,37.9555930750916
"370",42000,29.8514020051449,4.14984441808592,21.7177069456965,37.9850970645933
"371",42000,29.8514020051449,4.14984441808592,21.7177069456965,37.9850970645933
"372",42000,29.8514020051449,4.14984441808592,21.7177069456965,37.9850970645933
"373",42000,29.8514020051449,4.14984441808592,21.7177069456965,37.9850970645933
"374",42000,29.8514020051449,4.14984441808592,21.7177069456965,37.9850970645933
"375",42000,29.8514020051449,4.14984441808592,21.7177069456965,37.9850970645933
"376",42000,29.8514020051449,4.14984441808592,21.7177069456965,37.9850970645933
"377",42000,29.8514020051449,4.14984441808592,21.7177069456965,37.9850970645933
"378",42000,29.8514020051449,4.14984441808592,21.7177069456965,37.9850970645933
"379",43000,29.833549236475,4.17484359786067,21.6508557846681,38.0162426882819
"380",43000,29.833549236475,4.17484359786067,21.6508557846681,38.0162426882819
"381",43000,29.833549236475,4.17484359786067,21.6508557846681,38.0162426882819
"382",43000,29.833549236475,4.17484359786067,21.6508557846681,38.0162426882819
"383",43000,29.833549236475,4.17484359786067,21.6508557846681,38.0162426882819
"384",43000,29.833549236475,4.17484359786067,21.6508557846681,38.0162426882819
"385",43000,29.833549236475,4.17484359786067,21.6508557846681,38.0162426882819
"386",43000,29.833549236475,4.17484359786067,21.6508557846681,38.0162426882819
"387",43000,29.833549236475,4.17484359786067,21.6508557846681,38.0162426882819
"388",44000,29.8124857441356,4.20125108548331,21.5780336165883,38.0469378716829
"389",44000,29.8124857441356,4.20125108548331,21.5780336165883,38.0469378716829
"390",44000,29.8124857441356,4.20125108548331,21.5780336165883,38.0469378716829
"391",44000,29.8124857441356,4.20125108548331,21.5780336165883,38.0469378716829
"392",44000,29.8124857441356,4.20125108548331,21.5780336165883,38.0469378716829
"393",44000,29.8124857441356,4.20125108548331,21.5780336165883,38.0469378716829
"394",44000,29.8124857441356,4.20125108548331,21.5780336165883,38.0469378716829
"395",44000,29.8124857441356,4.20125108548331,21.5780336165883,38.0469378716829
"396",44000,29.8124857441356,4.20125108548331,21.5780336165883,38.0469378716829
"397",45000,29.7896912597708,4.22728666000281,21.5042094061653,38.0751731133763
"398",45000,29.7896912597708,4.22728666000281,21.5042094061653,38.0751731133763
"399",45000,29.7896912597708,4.22728666000281,21.5042094061653,38.0751731133763
"400",45000,29.7896912597708,4.22728666000281,21.5042094061653,38.0751731133763
"401",45000,29.7896912597708,4.22728666000281,21.5042094061653,38.0751731133763
"402",45000,29.7896912597708,4.22728666000281,21.5042094061653,38.0751731133763
"403",45000,29.7896912597708,4.22728666000281,21.5042094061653,38.0751731133763
"404",45000,29.7896912597708,4.22728666000281,21.5042094061653,38.0751731133763
"405",45000,29.7896912597708,4.22728666000281,21.5042094061653,38.0751731133763
"406",46000,29.7666455150242,4.25121317929087,21.4342676836141,38.0990233464343
"407",46000,29.7666455150242,4.25121317929087,21.4342676836141,38.0990233464343
"408",46000,29.7666455150242,4.25121317929087,21.4342676836141,38.0990233464343
"409",46000,29.7666455150242,4.25121317929087,21.4342676836141,38.0990233464343
"410",46000,29.7666455150242,4.25121317929087,21.4342676836141,38.0990233464343
"411",46000,29.7666455150242,4.25121317929087,21.4342676836141,38.0990233464343
"412",46000,29.7666455150242,4.25121317929087,21.4342676836141,38.0990233464343
"413",46000,29.7666455150242,4.25121317929087,21.4342676836141,38.0990233464343
"414",46000,29.7666455150242,4.25121317929087,21.4342676836141,38.0990233464343
"415",47000,29.7448282415399,4.27133030970212,21.3730208345238,38.1166356485561
"416",47000,29.7448282415399,4.27133030970212,21.3730208345238,38.1166356485561
"417",47000,29.7448282415399,4.27133030970212,21.3730208345238,38.1166356485561
"418",47000,29.7448282415399,4.27133030970212,21.3730208345238,38.1166356485561
"419",47000,29.7448282415399,4.27133030970212,21.3730208345238,38.1166356485561
"420",47000,29.7448282415399,4.27133030970212,21.3730208345238,38.1166356485561
"421",47000,29.7448282415399,4.27133030970212,21.3730208345238,38.1166356485561
"422",47000,29.7448282415399,4.27133030970212,21.3730208345238,38.1166356485561
"423",47000,29.7448282415399,4.27133030970212,21.3730208345238,38.1166356485561
"424",48000,29.7257191709617,4.28596183181067,21.3252339806128,38.1262043613106
"425",48000,29.7257191709617,4.28596183181067,21.3252339806128,38.1262043613106
"426",48000,29.7257191709617,4.28596183181067,21.3252339806128,38.1262043613106
"427",48000,29.7257191709617,4.28596183181067,21.3252339806128,38.1262043613106
"428",48000,29.7257191709617,4.28596183181067,21.3252339806128,38.1262043613106
"429",48000,29.7257191709617,4.28596183181067,21.3252339806128,38.1262043613106
"430",48000,29.7257191709617,4.28596183181067,21.3252339806128,38.1262043613106
"431",48000,29.7257191709617,4.28596183181067,21.3252339806128,38.1262043613106
"432",48000,29.7257191709617,4.28596183181067,21.3252339806128,38.1262043613106
"433",49000,29.7107980349335,4.29343697807936,21.295661557898,38.125934511969
"434",49000,29.7107980349335,4.29343697807936,21.295661557898,38.125934511969
"435",49000,29.7107980349335,4.29343697807936,21.295661557898,38.125934511969
"436",49000,29.7107980349335,4.29343697807936,21.295661557898,38.125934511969
"437",49000,29.7107980349335,4.29343697807936,21.295661557898,38.125934511969
"438",49000,29.7107980349335,4.29343697807936,21.295661557898,38.125934511969
"439",49000,29.7107980349335,4.29343697807936,21.295661557898,38.125934511969
"440",49000,29.7107980349335,4.29343697807936,21.295661557898,38.125934511969
"441",49000,29.7107980349335,4.29343697807936,21.295661557898,38.125934511969
"442",50000,29.7015445650991,4.29206574496165,21.2890957049743,38.113993425224
"443",50000,29.7015445650991,4.29206574496165,21.2890957049743,38.113993425224
"444",50000,29.7015445650991,4.29206574496165,21.2890957049743,38.113993425224
"445",50000,29.7015445650991,4.29206574496165,21.2890957049743,38.113993425224
"446",50000,29.7015445650991,4.29206574496165,21.2890957049743,38.113993425224
"447",50000,29.7015445650991,4.29206574496165,21.2890957049743,38.113993425224
"448",50000,29.7015445650991,4.29206574496165,21.2890957049743,38.113993425224
"449",50000,29.7015445650991,4.29206574496165,21.2890957049743,38.113993425224
"450",50000,29.7015445650991,4.29206574496165,21.2890957049743,38.113993425224
"451",51000,29.6943242902306,4.28040668626219,21.3047271851567,38.0839213953045
"452",51000,29.6943242902306,4.28040668626219,21.3047271851567,38.0839213953045
"453",51000,29.6943242902306,4.28040668626219,21.3047271851567,38.0839213953045
"454",51000,29.6943242902306,4.28040668626219,21.3047271851567,38.0839213953045
"455",51000,29.6943242902306,4.28040668626219,21.3047271851567,38.0839213953045
"456",51000,29.6943242902306,4.28040668626219,21.3047271851567,38.0839213953045
"457",51000,29.6943242902306,4.28040668626219,21.3047271851567,38.0839213953045
"458",51000,29.6943242902306,4.28040668626219,21.3047271851567,38.0839213953045
"459",51000,29.6943242902306,4.28040668626219,21.3047271851567,38.0839213953045
"460",52000,29.6847713069927,4.25917284100718,21.3367925386186,38.0327500753667
"461",52000,29.6847713069927,4.25917284100718,21.3367925386186,38.0327500753667
"462",52000,29.6847713069927,4.25917284100718,21.3367925386186,38.0327500753667
"463",52000,29.6847713069927,4.25917284100718,21.3367925386186,38.0327500753667
"464",52000,29.6847713069927,4.25917284100718,21.3367925386186,38.0327500753667
"465",52000,29.6847713069927,4.25917284100718,21.3367925386186,38.0327500753667
"466",52000,29.6847713069927,4.25917284100718,21.3367925386186,38.0327500753667
"467",52000,29.6847713069927,4.25917284100718,21.3367925386186,38.0327500753667
"468",52000,29.6847713069927,4.25917284100718,21.3367925386186,38.0327500753667
"469",53000,29.6732681988682,4.22984709939851,21.3827678840471,37.9637685136893
"470",53000,29.6732681988682,4.22984709939851,21.3827678840471,37.9637685136893
"471",53000,29.6732681988682,4.22984709939851,21.3827678840471,37.9637685136893
"472",53000,29.6732681988682,4.22984709939851,21.3827678840471,37.9637685136893
"473",53000,29.6732681988682,4.22984709939851,21.3827678840471,37.9637685136893
"474",53000,29.6732681988682,4.22984709939851,21.3827678840471,37.9637685136893
"475",53000,29.6732681988682,4.22984709939851,21.3827678840471,37.9637685136893
"476",53000,29.6732681988682,4.22984709939851,21.3827678840471,37.9637685136893
"477",53000,29.6732681988682,4.22984709939851,21.3827678840471,37.9637685136893
"478",54000,29.6601975493402,4.19390074272627,21.4401520935967,37.8802430050836
"479",54000,29.6601975493402,4.19390074272627,21.4401520935967,37.8802430050836
"480",54000,29.6601975493402,4.19390074272627,21.4401520935967,37.8802430050836
"481",54000,29.6601975493402,4.19390074272627,21.4401520935967,37.8802430050836
"482",54000,29.6601975493402,4.19390074272627,21.4401520935967,37.8802430050836
"483",54000,29.6601975493402,4.19390074272627,21.4401520935967,37.8802430050836
"484",54000,29.6601975493402,4.19390074272627,21.4401520935967,37.8802430050836
"485",54000,29.6601975493402,4.19390074272627,21.4401520935967,37.8802430050836
"486",54000,29.6601975493402,4.19390074272627,21.4401520935967,37.8802430050836
"487",55000,29.6459419418914,4.15281911622868,21.5064164740832,37.7854674096996
"488",55000,29.6459419418914,4.15281911622868,21.5064164740832,37.7854674096996
"489",55000,29.6459419418914,4.15281911622868,21.5064164740832,37.7854674096996
"490",55000,29.6459419418914,4.15281911622868,21.5064164740832,37.7854674096996
"491",55000,29.6459419418914,4.15281911622868,21.5064164740832,37.7854674096996
"492",55000,29.6459419418914,4.15281911622868,21.5064164740832,37.7854674096996
"493",55000,29.6459419418914,4.15281911622868,21.5064164740832,37.7854674096996
"494",55000,29.6459419418914,4.15281911622868,21.5064164740832,37.7854674096996
"495",55000,29.6459419418914,4.15281911622868,21.5064164740832,37.7854674096996
"496",56000,29.6308839600049,4.10812347148972,21.578961955885,37.6828059641247
"497",56000,29.6308839600049,4.10812347148972,21.578961955885,37.6828059641247
"498",56000,29.6308839600049,4.10812347148972,21.578961955885,37.6828059641247
"499",56000,29.6308839600049,4.10812347148972,21.578961955885,37.6828059641247
"500",56000,29.6308839600049,4.10812347148972,21.578961955885,37.6828059641247
"501",56000,29.6308839600049,4.10812347148972,21.578961955885,37.6828059641247
"502",56000,29.6308839600049,4.10812347148972,21.578961955885,37.6828059641247
"503",56000,29.6308839600049,4.10812347148972,21.578961955885,37.6828059641247
"504",56000,29.6308839600049,4.10812347148972,21.578961955885,37.6828059641247
"505",57000,29.6154061871635,4.06138910108382,21.6550835490392,37.5757288252878
"506",57000,29.6154061871635,4.06138910108382,21.6550835490392,37.5757288252878
"507",57000,29.6154061871635,4.06138910108382,21.6550835490392,37.5757288252878
"508",57000,29.6154061871635,4.06138910108382,21.6550835490392,37.5757288252878
"509",57000,29.6154061871635,4.06138910108382,21.6550835490392,37.5757288252878
"510",57000,29.6154061871635,4.06138910108382,21.6550835490392,37.5757288252878
"511",57000,29.6154061871635,4.06138910108382,21.6550835490392,37.5757288252878
"512",57000,29.6154061871635,4.06138910108382,21.6550835490392,37.5757288252878
"513",57000,29.6154061871635,4.06138910108382,21.6550835490392,37.5757288252878
"514",58000,29.5998912068502,4.0142593324546,21.7319429152392,37.4678394984612
"515",58000,29.5998912068502,4.0142593324546,21.7319429152392,37.4678394984612
"516",58000,29.5998912068502,4.0142593324546,21.7319429152392,37.4678394984612
"517",58000,29.5998912068502,4.0142593324546,21.7319429152392,37.4678394984612
"518",58000,29.5998912068502,4.0142593324546,21.7319429152392,37.4678394984612
"519",58000,29.5998912068502,4.0142593324546,21.7319429152392,37.4678394984612
"520",58000,29.5998912068502,4.0142593324546,21.7319429152392,37.4678394984612
"521",58000,29.5998912068502,4.0142593324546,21.7319429152392,37.4678394984612
"522",58000,29.5998912068502,4.0142593324546,21.7319429152392,37.4678394984612
"523",59000,29.5847216025479,3.96845443293549,21.8065509139943,37.3628922911014
"524",59000,29.5847216025479,3.96845443293549,21.8065509139943,37.3628922911014
"525",59000,29.5847216025479,3.96845443293549,21.8065509139943,37.3628922911014
"526",59000,29.5847216025479,3.96845443293549,21.8065509139943,37.3628922911014
"527",59000,29.5847216025479,3.96845443293549,21.8065509139943,37.3628922911014
"528",59000,29.5847216025479,3.96845443293549,21.8065509139943,37.3628922911014
"529",59000,29.5847216025479,3.96845443293549,21.8065509139943,37.3628922911014
"530",59000,29.5847216025479,3.96845443293549,21.8065509139943,37.3628922911014
"531",59000,29.5847216025479,3.96845443293549,21.8065509139943,37.3628922911014
"532",60000,29.5702799577394,3.92577402311359,21.8757628724368,37.264797043042
"533",60000,29.5702799577394,3.92577402311359,21.8757628724368,37.264797043042
"534",60000,29.5702799577394,3.92577402311359,21.8757628724368,37.264797043042
"535",60000,29.5702799577394,3.92577402311359,21.8757628724368,37.264797043042
"536",60000,29.5702799577394,3.92577402311359,21.8757628724368,37.264797043042
"537",60000,29.5702799577394,3.92577402311359,21.8757628724368,37.264797043042
"538",60000,29.5702799577394,3.92577402311359,21.8757628724368,37.264797043042
"539",60000,29.5702799577394,3.92577402311359,21.8757628724368,37.264797043042
"540",60000,29.5702799577394,3.92577402311359,21.8757628724368,37.264797043042
"541",61000,29.5569488559078,3.88809127039148,21.9362899659405,37.1776077458751
"542",61000,29.5569488559078,3.88809127039148,21.9362899659405,37.1776077458751
"543",61000,29.5569488559078,3.88809127039148,21.9362899659405,37.1776077458751
"544",61000,29.5569488559078,3.88809127039148,21.9362899659405,37.1776077458751
"545",61000,29.5569488559078,3.88809127039148,21.9362899659405,37.1776077458751
"546",61000,29.5569488559078,3.88809127039148,21.9362899659405,37.1776077458751
"547",61000,29.5569488559078,3.88809127039148,21.9362899659405,37.1776077458751
"548",61000,29.5569488559078,3.88809127039148,21.9362899659405,37.1776077458751
"549",61000,29.5569488559078,3.88809127039148,21.9362899659405,37.1776077458751
"550",62000,29.5451108805359,3.85733705828253,21.9847302463021,37.1054915147696
"551",62000,29.5451108805359,3.85733705828253,21.9847302463021,37.1054915147696
"552",62000,29.5451108805359,3.85733705828253,21.9847302463021,37.1054915147696
"553",62000,29.5451108805359,3.85733705828253,21.9847302463021,37.1054915147696
"554",62000,29.5451108805359,3.85733705828253,21.9847302463021,37.1054915147696
"555",62000,29.5451108805359,3.85733705828253,21.9847302463021,37.1054915147696
"556",62000,29.5451108805359,3.85733705828253,21.9847302463021,37.1054915147696
"557",62000,29.5451108805359,3.85733705828253,21.9847302463021,37.1054915147696
"558",62000,29.5451108805359,3.85733705828253,21.9847302463021,37.1054915147696
"559",63000,29.5351486151066,3.83547265657843,22.0176222082129,37.0526750220003
"560",63000,29.5351486151066,3.83547265657843,22.0176222082129,37.0526750220003
"561",63000,29.5351486151066,3.83547265657843,22.0176222082129,37.0526750220003
"562",63000,29.5351486151066,3.83547265657843,22.0176222082129,37.0526750220003
"563",63000,29.5351486151066,3.83547265657843,22.0176222082129,37.0526750220003
"564",63000,29.5351486151066,3.83547265657843,22.0176222082129,37.0526750220003
"565",63000,29.5351486151066,3.83547265657843,22.0176222082129,37.0526750220003
"566",63000,29.5351486151066,3.83547265657843,22.0176222082129,37.0526750220003
"567",63000,29.5351486151066,3.83547265657843,22.0176222082129,37.0526750220003
"568",64000,29.5256372542078,3.81806495335162,22.0422299456386,37.0090445627769
"569",64000,29.5256372542078,3.81806495335162,22.0422299456386,37.0090445627769
"570",64000,29.5256372542078,3.81806495335162,22.0422299456386,37.0090445627769
"571",64000,29.5256372542078,3.81806495335162,22.0422299456386,37.0090445627769
"572",64000,29.5256372542078,3.81806495335162,22.0422299456386,37.0090445627769
"573",64000,29.5256372542078,3.81806495335162,22.0422299456386,37.0090445627769
"574",64000,29.5256372542078,3.81806495335162,22.0422299456386,37.0090445627769
"575",64000,29.5256372542078,3.81806495335162,22.0422299456386,37.0090445627769
"576",64000,29.5256372542078,3.81806495335162,22.0422299456386,37.0090445627769
"577",65000,29.515175208813,3.79982130888091,22.0675254434064,36.9628249742196
"578",65000,29.515175208813,3.79982130888091,22.0675254434064,36.9628249742196
"579",65000,29.515175208813,3.79982130888091,22.0675254434064,36.9628249742196
"580",65000,29.515175208813,3.79982130888091,22.0675254434064,36.9628249742196
"581",65000,29.515175208813,3.79982130888091,22.0675254434064,36.9628249742196
"582",65000,29.515175208813,3.79982130888091,22.0675254434064,36.9628249742196
"583",65000,29.515175208813,3.79982130888091,22.0675254434064,36.9628249742196
"584",65000,29.515175208813,3.79982130888091,22.0675254434064,36.9628249742196
"585",65000,29.515175208813,3.79982130888091,22.0675254434064,36.9628249742196
"586",66000,29.504179886984,3.7814232727836,22.0925902723281,36.9157695016398
"587",66000,29.504179886984,3.7814232727836,22.0925902723281,36.9157695016398
"588",66000,29.504179886984,3.7814232727836,22.0925902723281,36.9157695016398
"589",66000,29.504179886984,3.7814232727836,22.0925902723281,36.9157695016398
"590",66000,29.504179886984,3.7814232727836,22.0925902723281,36.9157695016398
"591",66000,29.504179886984,3.7814232727836,22.0925902723281,36.9157695016398
"592",66000,29.504179886984,3.7814232727836,22.0925902723281,36.9157695016398
"593",66000,29.504179886984,3.7814232727836,22.0925902723281,36.9157695016398
"594",66000,29.504179886984,3.7814232727836,22.0925902723281,36.9157695016398
"595",67000,29.4930686967823,3.76356552326807,22.1164802711769,36.8696571223877
"596",67000,29.4930686967823,3.76356552326807,22.1164802711769,36.8696571223877
"597",67000,29.4930686967823,3.76356552326807,22.1164802711769,36.8696571223877
"598",67000,29.4930686967823,3.76356552326807,22.1164802711769,36.8696571223877
"599",67000,29.4930686967823,3.76356552326807,22.1164802711769,36.8696571223877
"600",67000,29.4930686967823,3.76356552326807,22.1164802711769,36.8696571223877
"601",67000,29.4930686967823,3.76356552326807,22.1164802711769,36.8696571223877
"602",67000,29.4930686967823,3.76356552326807,22.1164802711769,36.8696571223877
"603",67000,29.4930686967823,3.76356552326807,22.1164802711769,36.8696571223877
"604",68000,29.4822590462697,3.74695581955825,22.1382256399356,36.8262924526039
"605",68000,29.4822590462697,3.74695581955825,22.1382256399356,36.8262924526039
"606",68000,29.4822590462697,3.74695581955825,22.1382256399356,36.8262924526039
"607",68000,29.4822590462697,3.74695581955825,22.1382256399356,36.8262924526039
"608",68000,29.4822590462697,3.74695581955825,22.1382256399356,36.8262924526039
"609",68000,29.4822590462697,3.74695581955825,22.1382256399356,36.8262924526039
"610",68000,29.4822590462697,3.74695581955825,22.1382256399356,36.8262924526039
"611",68000,29.4822590462697,3.74695581955825,22.1382256399356,36.8262924526039
"612",68000,29.4822590462697,3.74695581955825,22.1382256399356,36.8262924526039
"613",69000,29.4721683435079,3.73231360682162,22.1568336741375,36.7875030128782
"614",69000,29.4721683435079,3.73231360682162,22.1568336741375,36.7875030128782
"615",69000,29.4721683435079,3.73231360682162,22.1568336741375,36.7875030128782
"616",69000,29.4721683435079,3.73231360682162,22.1568336741375,36.7875030128782
"617",69000,29.4721683435079,3.73231360682162,22.1568336741375,36.7875030128782
"618",69000,29.4721683435079,3.73231360682162,22.1568336741375,36.7875030128782
"619",69000,29.4721683435079,3.73231360682162,22.1568336741375,36.7875030128782
"620",69000,29.4721683435079,3.73231360682162,22.1568336741375,36.7875030128782
"621",69000,29.4721683435079,3.73231360682162,22.1568336741375,36.7875030128782
"622",70000,29.4632139965583,3.72036715662759,22.1712943695682,36.7551336235484
"623",70000,29.4632139965583,3.72036715662759,22.1712943695682,36.7551336235484
"624",70000,29.4632139965583,3.72036715662759,22.1712943695682,36.7551336235484
"625",70000,29.4632139965583,3.72036715662759,22.1712943695682,36.7551336235484
"626",70000,29.4632139965583,3.72036715662759,22.1712943695682,36.7551336235484
"627",70000,29.4632139965583,3.72036715662759,22.1712943695682,36.7551336235484
"628",70000,29.4632139965583,3.72036715662759,22.1712943695682,36.7551336235484
"629",70000,29.4632139965583,3.72036715662759,22.1712943695682,36.7551336235484
"630",70000,29.4632139965583,3.72036715662759,22.1712943695682,36.7551336235484
"631",71000,29.4558134134828,3.7118491576857,22.1805890644188,36.7310377625468
"632",71000,29.4558134134828,3.7118491576857,22.1805890644188,36.7310377625468
"633",71000,29.4558134134828,3.7118491576857,22.1805890644188,36.7310377625468
"634",71000,29.4558134134828,3.7118491576857,22.1805890644188,36.7310377625468
"635",71000,29.4558134134828,3.7118491576857,22.1805890644188,36.7310377625468
"636",71000,29.4558134134828,3.7118491576857,22.1805890644188,36.7310377625468
"637",71000,29.4558134134828,3.7118491576857,22.1805890644188,36.7310377625468
"638",71000,29.4558134134828,3.7118491576857,22.1805890644188,36.7310377625468
"639",71000,29.4558134134828,3.7118491576857,22.1805890644188,36.7310377625468
"640",72000,29.4503840023429,3.7074907311968,22.1837021691972,36.7170658354887
"641",72000,29.4503840023429,3.7074907311968,22.1837021691972,36.7170658354887
"642",72000,29.4503840023429,3.7074907311968,22.1837021691972,36.7170658354887
"643",72000,29.4503840023429,3.7074907311968,22.1837021691972,36.7170658354887
"644",72000,29.4503840023429,3.7074907311968,22.1837021691972,36.7170658354887
"645",72000,29.4503840023429,3.7074907311968,22.1837021691972,36.7170658354887
"646",72000,29.4503840023429,3.7074907311968,22.1837021691972,36.7170658354887
"647",72000,29.4503840023429,3.7074907311968,22.1837021691972,36.7170658354887
"648",72000,29.4503840023429,3.7074907311968,22.1837021691972,36.7170658354887
"649",73000,29.4473431712004,3.70801393362483,22.1796358612957,36.7150504811051
"650",73000,29.4473431712004,3.70801393362483,22.1796358612957,36.7150504811051
"651",73000,29.4473431712004,3.70801393362483,22.1796358612957,36.7150504811051
"652",73000,29.4473431712004,3.70801393362483,22.1796358612957,36.7150504811051
"653",73000,29.4473431712004,3.70801393362483,22.1796358612957,36.7150504811051
"654",73000,29.4473431712004,3.70801393362483,22.1796358612957,36.7150504811051
"655",73000,29.4473431712004,3.70801393362483,22.1796358612957,36.7150504811051
"656",73000,29.4473431712004,3.70801393362483,22.1796358612957,36.7150504811051
"657",73000,29.4473431712004,3.70801393362483,22.1796358612957,36.7150504811051
"658",74000,29.4471083281168,3.71412292390778,22.1674273972576,36.7267892589761
"659",74000,29.4471083281168,3.71412292390778,22.1674273972576,36.7267892589761
"660",74000,29.4471083281168,3.71412292390778,22.1674273972576,36.7267892589761
"661",74000,29.4471083281168,3.71412292390778,22.1674273972576,36.7267892589761
"662",74000,29.4471083281168,3.71412292390778,22.1674273972576,36.7267892589761
"663",74000,29.4471083281168,3.71412292390778,22.1674273972576,36.7267892589761
"664",74000,29.4471083281168,3.71412292390778,22.1674273972576,36.7267892589761
"665",74000,29.4471083281168,3.71412292390778,22.1674273972576,36.7267892589761
"666",74000,29.4471083281168,3.71412292390778,22.1674273972576,36.7267892589761
"667",75000,29.4500968811539,3.72649410332052,22.1461684386457,36.7540253236621
"668",75000,29.4500968811539,3.72649410332052,22.1461684386457,36.7540253236621
"669",75000,29.4500968811539,3.72649410332052,22.1461684386457,36.7540253236621
"670",75000,29.4500968811539,3.72649410332052,22.1461684386457,36.7540253236621
"671",75000,29.4500968811539,3.72649410332052,22.1461684386457,36.7540253236621
"672",75000,29.4500968811539,3.72649410332052,22.1461684386457,36.7540253236621
"673",75000,29.4500968811539,3.72649410332052,22.1461684386457,36.7540253236621
"674",75000,29.4500968811539,3.72649410332052,22.1461684386457,36.7540253236621
"675",75000,29.4500968811539,3.72649410332052,22.1461684386457,36.7540253236621
"676",76000,29.4553364701155,3.74343884857312,22.1181963269122,36.7924766133189
"677",76000,29.4553364701155,3.74343884857312,22.1181963269122,36.7924766133189
"678",76000,29.4553364701155,3.74343884857312,22.1181963269122,36.7924766133189
"679",76000,29.4553364701155,3.74343884857312,22.1181963269122,36.7924766133189
"680",76000,29.4553364701155,3.74343884857312,22.1181963269122,36.7924766133189
"681",76000,29.4553364701155,3.74343884857312,22.1181963269122,36.7924766133189
"682",76000,29.4553364701155,3.74343884857312,22.1181963269122,36.7924766133189
"683",76000,29.4553364701155,3.74343884857312,22.1181963269122,36.7924766133189
"684",76000,29.4553364701155,3.74343884857312,22.1181963269122,36.7924766133189
"685",77000,29.4615794225696,3.76287770586933,22.0863391190657,36.8368197260735
"686",77000,29.4615794225696,3.76287770586933,22.0863391190657,36.8368197260735
"687",77000,29.4615794225696,3.76287770586933,22.0863391190657,36.8368197260735
"688",77000,29.4615794225696,3.76287770586933,22.0863391190657,36.8368197260735
"689",77000,29.4615794225696,3.76287770586933,22.0863391190657,36.8368197260735
"690",77000,29.4615794225696,3.76287770586933,22.0863391190657,36.8368197260735
"691",77000,29.4615794225696,3.76287770586933,22.0863391190657,36.8368197260735
"692",77000,29.4615794225696,3.76287770586933,22.0863391190657,36.8368197260735
"693",77000,29.4615794225696,3.76287770586933,22.0863391190657,36.8368197260735
"694",78000,29.4688301782234,3.78486909478305,22.0504867524487,36.8871736039982
"695",78000,29.4688301782234,3.78486909478305,22.0504867524487,36.8871736039982
"696",78000,29.4688301782234,3.78486909478305,22.0504867524487,36.8871736039982
"697",78000,29.4688301782234,3.78486909478305,22.0504867524487,36.8871736039982
"698",78000,29.4688301782234,3.78486909478305,22.0504867524487,36.8871736039982
"699",78000,29.4688301782234,3.78486909478305,22.0504867524487,36.8871736039982
"700",78000,29.4688301782234,3.78486909478305,22.0504867524487,36.8871736039982
"701",78000,29.4688301782234,3.78486909478305,22.0504867524487,36.8871736039982
"702",78000,29.4688301782234,3.78486909478305,22.0504867524487,36.8871736039982
"703",79000,29.4770931767845,3.80946503233045,22.0105417134168,36.9436446401522
"704",79000,29.4770931767845,3.80946503233045,22.0105417134168,36.9436446401522
"705",79000,29.4770931767845,3.80946503233045,22.0105417134168,36.9436446401522
"706",79000,29.4770931767845,3.80946503233045,22.0105417134168,36.9436446401522
"707",79000,29.4770931767845,3.80946503233045,22.0105417134168,36.9436446401522
"708",79000,29.4770931767845,3.80946503233045,22.0105417134168,36.9436446401522
"709",79000,29.4770931767845,3.80946503233045,22.0105417134168,36.9436446401522
"710",79000,29.4770931767845,3.80946503233045,22.0105417134168,36.9436446401522
"711",79000,29.4770931767845,3.80946503233045,22.0105417134168,36.9436446401522
"712",80000,29.4863728579602,3.83671096730486,21.9664193620427,37.0063263538777
"713",80000,29.4863728579602,3.83671096730486,21.9664193620427,37.0063263538777
"714",80000,29.4863728579602,3.83671096730486,21.9664193620427,37.0063263538777
"715",80000,29.4863728579602,3.83671096730486,21.9664193620427,37.0063263538777
"716",80000,29.4863728579602,3.83671096730486,21.9664193620427,37.0063263538777
"717",80000,29.4863728579602,3.83671096730486,21.9664193620427,37.0063263538777
"718",80000,29.4863728579602,3.83671096730486,21.9664193620427,37.0063263538777
"719",80000,29.4863728579602,3.83671096730486,21.9664193620427,37.0063263538777
"720",80000,29.4863728579602,3.83671096730486,21.9664193620427,37.0063263538777
"721",81000,29.4966736614579,3.86664568075565,21.9180481271768,37.075299195739
"722",81000,29.4966736614579,3.86664568075565,21.9180481271768,37.075299195739
"723",81000,29.4966736614579,3.86664568075565,21.9180481271768,37.075299195739
"724",81000,29.4966736614579,3.86664568075565,21.9180481271768,37.075299195739
"725",81000,29.4966736614579,3.86664568075565,21.9180481271768,37.075299195739
"726",81000,29.4966736614579,3.86664568075565,21.9180481271768,37.075299195739
"727",81000,29.4966736614579,3.86664568075565,21.9180481271768,37.075299195739
"728",81000,29.4966736614579,3.86664568075565,21.9180481271768,37.075299195739
"729",81000,29.4966736614579,3.86664568075565,21.9180481271768,37.075299195739
"730",82000,29.508000026985,3.89930125378262,21.8653695695711,37.150630484399
"731",82000,29.508000026985,3.89930125378262,21.8653695695711,37.150630484399
"732",82000,29.508000026985,3.89930125378262,21.8653695695711,37.150630484399
"733",82000,29.508000026985,3.89930125378262,21.8653695695711,37.150630484399
"734",82000,29.508000026985,3.89930125378262,21.8653695695711,37.150630484399
"735",82000,29.508000026985,3.89930125378262,21.8653695695711,37.150630484399
"736",82000,29.508000026985,3.89930125378262,21.8653695695711,37.150630484399
"737",82000,29.508000026985,3.89930125378262,21.8653695695711,37.150630484399
"738",82000,29.508000026985,3.89930125378262,21.8653695695711,37.150630484399
"739",83000,29.520356394249,3.93470310213692,21.8083383140607,37.2323744744374
"740",83000,29.520356394249,3.93470310213692,21.8083383140607,37.2323744744374
"741",83000,29.520356394249,3.93470310213692,21.8083383140607,37.2323744744374
"742",83000,29.520356394249,3.93470310213692,21.8083383140607,37.2323744744374
"743",83000,29.520356394249,3.93470310213692,21.8083383140607,37.2323744744374
"744",83000,29.520356394249,3.93470310213692,21.8083383140607,37.2323744744374
"745",83000,29.520356394249,3.93470310213692,21.8083383140607,37.2323744744374
"746",83000,29.520356394249,3.93470310213692,21.8083383140607,37.2323744744374
"747",83000,29.520356394249,3.93470310213692,21.8083383140607,37.2323744744374
"748",84000,29.5337472029573,3.97287007549295,21.7469218549911,37.3205725509235
"749",84000,29.5337472029573,3.97287007549295,21.7469218549911,37.3205725509235
"750",84000,29.5337472029573,3.97287007549295,21.7469218549911,37.3205725509235
"751",84000,29.5337472029573,3.97287007549295,21.7469218549911,37.3205725509235
"752",84000,29.5337472029573,3.97287007549295,21.7469218549911,37.3205725509235
"753",84000,29.5337472029573,3.97287007549295,21.7469218549911,37.3205725509235
"754",84000,29.5337472029573,3.97287007549295,21.7469218549911,37.3205725509235
"755",84000,29.5337472029573,3.97287007549295,21.7469218549911,37.3205725509235
"756",84000,29.5337472029573,3.97287007549295,21.7469218549911,37.3205725509235
"757",85000,29.5481768928172,4.01381461775338,21.6811002420205,37.4152535436138
"758",85000,29.5481768928172,4.01381461775338,21.6811002420205,37.4152535436138
"759",85000,29.5481768928172,4.01381461775338,21.6811002420205,37.4152535436138
"760",85000,29.5481768928172,4.01381461775338,21.6811002420205,37.4152535436138
"761",85000,29.5481768928172,4.01381461775338,21.6811002420205,37.4152535436138
"762",85000,29.5481768928172,4.01381461775338,21.6811002420205,37.4152535436138
"763",85000,29.5481768928172,4.01381461775338,21.6811002420205,37.4152535436138
"764",85000,29.5481768928172,4.01381461775338,21.6811002420205,37.4152535436138
"765",85000,29.5481768928172,4.01381461775338,21.6811002420205,37.4152535436138
"766",86000,29.5636499035361,4.05754298343113,21.6108656560111,37.5164341510612
"767",86000,29.5636499035361,4.05754298343113,21.6108656560111,37.5164341510612
"768",86000,29.5636499035361,4.05754298343113,21.6108656560111,37.5164341510612
"769",86000,29.5636499035361,4.05754298343113,21.6108656560111,37.5164341510612
"770",86000,29.5636499035361,4.05754298343113,21.6108656560111,37.5164341510612
"771",86000,29.5636499035361,4.05754298343113,21.6108656560111,37.5164341510612
"772",86000,29.5636499035361,4.05754298343113,21.6108656560111,37.5164341510612
"773",86000,29.5636499035361,4.05754298343113,21.6108656560111,37.5164341510612
"774",86000,29.5636499035361,4.05754298343113,21.6108656560111,37.5164341510612
"775",87000,29.5801706748216,4.10405550406479,21.5362218868546,37.6241194627886
"776",87000,29.5801706748216,4.10405550406479,21.5362218868546,37.6241194627886
"777",87000,29.5801706748216,4.10405550406479,21.5362218868546,37.6241194627886
"778",87000,29.5801706748216,4.10405550406479,21.5362218868546,37.6241194627886
"779",87000,29.5801706748216,4.10405550406479,21.5362218868546,37.6241194627886
"780",87000,29.5801706748216,4.10405550406479,21.5362218868546,37.6241194627886
"781",87000,29.5801706748216,4.10405550406479,21.5362218868546,37.6241194627886
"782",87000,29.5801706748216,4.10405550406479,21.5362218868546,37.6241194627886
"783",87000,29.5801706748216,4.10405550406479,21.5362218868546,37.6241194627886
"784",88000,29.5977436463809,4.15334689779771,21.4571837266974,37.7383035660644
"785",88000,29.5977436463809,4.15334689779771,21.4571837266974,37.7383035660644
"786",88000,29.5977436463809,4.15334689779771,21.4571837266974,37.7383035660644
"787",88000,29.5977436463809,4.15334689779771,21.4571837266974,37.7383035660644
"788",88000,29.5977436463809,4.15334689779771,21.4571837266974,37.7383035660644
"789",88000,29.5977436463809,4.15334689779771,21.4571837266974,37.7383035660644
"790",88000,29.5977436463809,4.15334689779771,21.4571837266974,37.7383035660644
"791",88000,29.5977436463809,4.15334689779771,21.4571837266974,37.7383035660644
"792",88000,29.5977436463809,4.15334689779771,21.4571837266974,37.7383035660644
"793",89000,29.6164666861194,4.20524131135839,21.374193715857,37.8587396563819
"794",89000,29.6164666861194,4.20524131135839,21.374193715857,37.8587396563819
"795",89000,29.6164666861194,4.20524131135839,21.374193715857,37.8587396563819
"796",89000,29.6164666861194,4.20524131135839,21.374193715857,37.8587396563819
"797",89000,29.6164666861194,4.20524131135839,21.374193715857,37.8587396563819
"798",89000,29.6164666861194,4.20524131135839,21.374193715857,37.8587396563819
"799",89000,29.6164666861194,4.20524131135839,21.374193715857,37.8587396563819
"800",89000,29.6164666861194,4.20524131135839,21.374193715857,37.8587396563819
"801",89000,29.6164666861194,4.20524131135839,21.374193715857,37.8587396563819
"802",90000,29.6364272527837,4.25948979522719,21.2878272541384,37.985027251429
"803",90000,29.6364272527837,4.25948979522719,21.2878272541384,37.985027251429
"804",90000,29.6364272527837,4.25948979522719,21.2878272541384,37.985027251429
"805",90000,29.6364272527837,4.25948979522719,21.2878272541384,37.985027251429
"806",90000,29.6364272527837,4.25948979522719,21.2878272541384,37.985027251429
"807",90000,29.6364272527837,4.25948979522719,21.2878272541384,37.985027251429
"808",90000,29.6364272527837,4.25948979522719,21.2878272541384,37.985027251429
"809",90000,29.6364272527837,4.25948979522719,21.2878272541384,37.985027251429
"810",90000,29.6364272527837,4.25948979522719,21.2878272541384,37.985027251429
"811",91000,29.6576141723433,4.31597501134766,21.1983031501019,38.1169251945847
"812",91000,29.6576141723433,4.31597501134766,21.1983031501019,38.1169251945847
"813",91000,29.6576141723433,4.31597501134766,21.1983031501019,38.1169251945847
"814",91000,29.6576141723433,4.31597501134766,21.1983031501019,38.1169251945847
"815",91000,29.6576141723433,4.31597501134766,21.1983031501019,38.1169251945847
"816",91000,29.6576141723433,4.31597501134766,21.1983031501019,38.1169251945847
"817",91000,29.6576141723433,4.31597501134766,21.1983031501019,38.1169251945847
"818",91000,29.6576141723433,4.31597501134766,21.1983031501019,38.1169251945847
"819",91000,29.6576141723433,4.31597501134766,21.1983031501019,38.1169251945847
"820",92000,29.6800162707677,4.37458212793151,21.105835300022,38.2541972415135
"821",92000,29.6800162707677,4.37458212793151,21.105835300022,38.2541972415135
"822",92000,29.6800162707677,4.37458212793151,21.105835300022,38.2541972415135
"823",92000,29.6800162707677,4.37458212793151,21.105835300022,38.2541972415135
"824",92000,29.6800162707677,4.37458212793151,21.105835300022,38.2541972415135
"825",92000,29.6800162707677,4.37458212793151,21.105835300022,38.2541972415135
"826",92000,29.6800162707677,4.37458212793151,21.105835300022,38.2541972415135
"827",92000,29.6800162707677,4.37458212793151,21.105835300022,38.2541972415135
"828",92000,29.6800162707677,4.37458212793151,21.105835300022,38.2541972415135
"829",93000,29.7036223740266,4.43519922443505,21.0106318941339,38.3966128539193
"830",93000,29.7036223740266,4.43519922443505,21.0106318941339,38.3966128539193
"831",93000,29.7036223740266,4.43519922443505,21.0106318941339,38.3966128539193
"832",93000,29.7036223740266,4.43519922443505,21.0106318941339,38.3966128539193
"833",93000,29.7036223740266,4.43519922443505,21.0106318941339,38.3966128539193
"834",93000,29.7036223740266,4.43519922443505,21.0106318941339,38.3966128539193
"835",93000,29.7036223740266,4.43519922443505,21.0106318941339,38.3966128539193
"836",93000,29.7036223740266,4.43519922443505,21.0106318941339,38.3966128539193
"837",93000,29.7036223740266,4.43519922443505,21.0106318941339,38.3966128539193
"838",94000,29.7284213080893,4.49771761633337,20.9128947800759,38.5439478361027
"839",94000,29.7284213080893,4.49771761633337,20.9128947800759,38.5439478361027
"840",94000,29.7284213080893,4.49771761633337,20.9128947800759,38.5439478361027
"841",94000,29.7284213080893,4.49771761633337,20.9128947800759,38.5439478361027
"842",94000,29.7284213080893,4.49771761633337,20.9128947800759,38.5439478361027
"843",94000,29.7284213080893,4.49771761633337,20.9128947800759,38.5439478361027
"844",94000,29.7284213080893,4.49771761633337,20.9128947800759,38.5439478361027
"845",94000,29.7284213080893,4.49771761633337,20.9128947800759,38.5439478361027
"846",94000,29.7284213080893,4.49771761633337,20.9128947800759,38.5439478361027
"847",95000,29.7544018989255,4.56203210642148,20.8128189703394,38.6959848275116
"848",95000,29.7544018989255,4.56203210642148,20.8128189703394,38.6959848275116
"849",95000,29.7544018989255,4.56203210642148,20.8128189703394,38.6959848275116
"850",95000,29.7544018989255,4.56203210642148,20.8128189703394,38.6959848275116
"851",95000,29.7544018989255,4.56203210642148,20.8128189703394,38.6959848275116
"852",95000,29.7544018989255,4.56203210642148,20.8128189703394,38.6959848275116
"853",95000,29.7544018989255,4.56203210642148,20.8128189703394,38.6959848275116
"854",95000,29.7544018989255,4.56203210642148,20.8128189703394,38.6959848275116
"855",95000,29.7544018989255,4.56203210642148,20.8128189703394,38.6959848275116
"856",96000,29.7815529725047,4.62804116988253,20.7105922795349,38.8525136654744
"857",96000,29.7815529725047,4.62804116988253,20.7105922795349,38.8525136654744
"858",96000,29.7815529725047,4.62804116988253,20.7105922795349,38.8525136654744
"859",96000,29.7815529725047,4.62804116988253,20.7105922795349,38.8525136654744
"860",96000,29.7815529725047,4.62804116988253,20.7105922795349,38.8525136654744
"861",96000,29.7815529725047,4.62804116988253,20.7105922795349,38.8525136654744
"862",96000,29.7815529725047,4.62804116988253,20.7105922795349,38.8525136654744
"863",96000,29.7815529725047,4.62804116988253,20.7105922795349,38.8525136654744
"864",96000,29.7815529725047,4.62804116988253,20.7105922795349,38.8525136654744
"865",97000,29.8098633547963,4.6956470805482,20.6063950769218,39.0133316326708
"866",97000,29.8098633547963,4.6956470805482,20.6063950769218,39.0133316326708
"867",97000,29.8098633547963,4.6956470805482,20.6063950769218,39.0133316326708
"868",97000,29.8098633547963,4.6956470805482,20.6063950769218,39.0133316326708
"869",97000,29.8098633547963,4.6956470805482,20.6063950769218,39.0133316326708
"870",97000,29.8098633547963,4.6956470805482,20.6063950769218,39.0133316326708
"871",97000,29.8098633547963,4.6956470805482,20.6063950769218,39.0133316326708
"872",97000,29.8098633547963,4.6956470805482,20.6063950769218,39.0133316326708
"873",97000,29.8098633547963,4.6956470805482,20.6063950769218,39.0133316326708
"874",98000,29.83932187177,4.76475598570209,20.5004001397939,39.1782436037461
"875",98000,29.83932187177,4.76475598570209,20.5004001397939,39.1782436037461
"876",98000,29.83932187177,4.76475598570209,20.5004001397939,39.1782436037461
"877",98000,29.83932187177,4.76475598570209,20.5004001397939,39.1782436037461
"878",98000,29.83932187177,4.76475598570209,20.5004001397939,39.1782436037461
"879",98000,29.83932187177,4.76475598570209,20.5004001397939,39.1782436037461
"880",98000,29.83932187177,4.76475598570209,20.5004001397939,39.1782436037461
"881",98000,29.83932187177,4.76475598570209,20.5004001397939,39.1782436037461
"882",98000,29.83932187177,4.76475598570209,20.5004001397939,39.1782436037461
"883",99000,29.8699173493952,4.83527793650587,20.3927725938437,39.3470621049467
"884",99000,29.8699173493952,4.83527793650587,20.3927725938437,39.3470621049467
"885",99000,29.8699173493952,4.83527793650587,20.3927725938437,39.3470621049467
"886",99000,29.8699173493952,4.83527793650587,20.3927725938437,39.3470621049467
"887",99000,29.8699173493952,4.83527793650587,20.3927725938437,39.3470621049467
"888",99000,29.8699173493952,4.83527793650587,20.3927725938437,39.3470621049467
"889",99000,29.8699173493952,4.83527793650587,20.3927725938437,39.3470621049467
"890",99000,29.8699173493952,4.83527793650587,20.3927725938437,39.3470621049467
"891",99000,29.8699173493952,4.83527793650587,20.3927725938437,39.3470621049467
"892",1e+05,29.9016386136415,4.90712688071689,20.2836699274364,39.5196072998466
"893",1e+05,29.9016386136415,4.90712688071689,20.2836699274364,39.5196072998466
"894",1e+05,29.9016386136415,4.90712688071689,20.2836699274364,39.5196072998466
"895",1e+05,29.9016386136415,4.90712688071689,20.2836699274364,39.5196072998466
"896",1e+05,29.9016386136415,4.90712688071689,20.2836699274364,39.5196072998466
"897",1e+05,29.9016386136415,4.90712688071689,20.2836699274364,39.5196072998466
"898",1e+05,29.9016386136415,4.90712688071689,20.2836699274364,39.5196072998466
"899",1e+05,29.9016386136415,4.90712688071689,20.2836699274364,39.5196072998466
"900",1e+05,29.9016386136415,4.90712688071689,20.2836699274364,39.5196072998466
